Tahun,Bulan,Minggu ke-,Kab/Kota, Indikator Perubahan Harga (%),Komoditas Andil Perubahan Harga ,Fluktuasi Harga Tertinggi,,,,
2023,Januari,M1,BATU,-1.34,"TELUR AYAM RAS(-0,773);PISANG(-0,333);DAGING AYAM RAS(-0,287)",CABAI RAWIT,0.0553,,,
2023,Januari,M2,BATU,0.93,"CABAI RAWIT(0,063);MINYAK GORENG(0,054);CABAI MERAH(0,019)",IKAN KEMBUNG/IKAN GEMBUNG/ IKAN BANYAR/IKAN GEMBOLO/ IKAN ASO-ASO,0.0329914,,,
2023,Februari,M2,BATU,1.36,"BERAS(0,116);MINYAK GORENG(0,048);BAWANG MERAH(0,019)",CABAI MERAH,0.0349386,,,
2023,Februari,M3,BATU,1.82,"BERAS(0,116);MINYAK GORENG(0,051);BAWANG MERAH(0,025)",CABAI MERAH,0.0657667,,,
2023,Februari,M4,BATU,2.18,"BERAS(1,163);CABAI RAWIT(0,449);MINYAK GORENG(0,405)",BAWANG MERAH,0.06,,,
2023,Maret,M1,BATU,-1.27,"BERAS(-0,873);BAWANG MERAH(-0,39);MINYAK GORENG(-0,161)",CABAI MERAH,0.08,,,
2023,Maret,M2,BATU,-1.49,"BERAS(-1,241);BAWANG MERAH(-0,287);MINYAK GORENG(-0,221)",CABAI RAWIT,0.04,,,
2023,Maret,M3,BATU,-1.06,"BERAS(-1,26);BAWANG MERAH(-0,28);MINYAK GORENG(-0,229)",BAWANG MERAH,0.03,,,
2023,Maret,M4,BATU,-0.83,"BERAS(-1,266);BAWANG MERAH(-0,294);MINYAK GORENG(-0,255)",TELUR AYAM RAS,0.02,,,
2023,Maret,M5,BATU,-0.853,"BERAS(-1,34);BAWANG MERAH(-0,315);MINYAK GORENG(-0,283)",CABAI RAWIT,0.1026984,,,
2023,April,M1,BATU,-1.786,"CABAI RAWIT(-1,825);DAGING AYAM RAS(-0,223);CABAI MERAH(-0,173)",CABAI RAWIT,0.1117452,,,
2023,April,M2,BATU,-1.786,"CABAI RAWIT(-1,825);DAGING AYAM RAS(-0,223);CABAI MERAH(-0,173)",CABAI RAWIT,0.0901961,,,
2023,April,M4,BATU,-1.786,"CABAI RAWIT(-1,825);DAGING AYAM RAS(-0,223);CABAI MERAH(-0,173)",CABAI RAWIT,0.0606073,,,
2023,Mei,M1,BATU,0.189,"DAGING AYAM RAS(1,767);BERAS(0,627);MIE KERING INSTANT(0)",STABIL,0,,,
2023,Mei,M2,BATU,0.508,"DAGING AYAM RAS(1,606);BERAS(0,974);MINYAK GORENG(0,243)",BAWANG MERAH,0.0364878,,,
2023,Mei,M3,BATU,0.718,"DAGING AYAM RAS(1,435);BERAS(1,06);MINYAK GORENG(0,304)",CABAI RAWIT,0.1115178,,,
2023,Mei,M4,BATU,1.258,"DAGING AYAM RAS(1,527);BERAS(1,114);MINYAK GORENG(0,342)",CABAI RAWIT,0.1351534,,,
2023,Mei,M5,BATU,1.536,"DAGING AYAM RAS(1,561);BERAS(1,134);MINYAK GORENG(0,357)",CABAI RAWIT,0.2129071,,,
2023,Juni,M1,BATU,1.655,"CABAI RAWIT(0,844);TELUR AYAM RAS(0,259);MINYAK GORENG(0,215)",BAWANG PUTIH,0.0366568,,,
2023,Juni,M2,BATU,1.649,"CABAI RAWIT(0,844);DAGING AYAM RAS(0,411);TELUR AYAM RAS(0,278)",BAWANG PUTIH,0.040984,,,
2023,Juni,M3,BATU,1.644,CABAI RAWIT(0.817);DAGING AYAM RAS(0.457);TELUR AYAM RAS(0.272),BAWANG PUTIH,0.0395459,,,
2023,Juni,M4,BATU,1.071,CABAI RAWIT(0.404);DAGING AYAM RAS(0.223);BAWANG PUTIH(0.191),CABAI RAWIT,0.1150448,,,
2023,Juli,M1,BATU,-0.02,CABAI RAWIT(-0.242);DAGING SAPI(-0.183);MINYAK GORENG(-0.024),CABAI MERAH,0.0894427,,,
2023,Juli,M2,BATU,0.115,DAGING AYAM RAS(0.203);CABAI MERAH(0.109);BERAS(0.036),CABAI MERAH,0.0760726,,,
2023,Juli,M3,BATU,0.13,DAGING AYAM RAS(0.203);CABAI MERAH(0.095);BERAS(0.04),CABAI MERAH,0.0670399,,,
2023,Juli,M4,BATU,0.093,DAGING AYAM RAS(0.203);CABAI MERAH(0.072);TELUR AYAM RAS(0.046),CABAI MERAH,0.0669665,,,
2023,Agustus,M1,BATU,-0.03,"BAWANG MERAH(-0,144);CABAI MERAH(-0,114);DAGING AYAM RAS(-0,067)",DAGING AYAM RAS,0.0244379,,,
2023,Agustus,M2,BATU,-0.737,"DAGING AYAM RAS(-0,545);BAWANG MERAH(-0,265);CABAI MERAH(-0,064)",BAWANG MERAH,0.0958266,,,
2023,Agustus,M3,BATU,-0.888,"DAGING AYAM RAS(-0,577);BAWANG MERAH(-0,298);DAGING SAPI(-0,099)",BAWANG MERAH,0.0928191,,,
2023,Agustus,M4,BATU,-0.9,DAGING AYAM RAS(-0.598);BAWANG MERAH(-0.319);DAGING SAPI(-0.123),BAWANG MERAH,0.0859586,,,
2023,September,M1,BATU,-0.548,CABAI RAWIT(-0.44);TELUR AYAM RAS(-0.332);BAWANG MERAH(-0.163),STABIL,0,,,
2023,September,M2,BATU,-0.6,CABAI RAWIT(-0.44);TELUR AYAM RAS(-0.332);BAWANG MERAH(-0.223),CABAI MERAH,0.0798555,,,
2023,September,M3,BATU,-0.404,CABAI RAWIT(-0.44);TELUR AYAM RAS(-0.332);BAWANG MERAH(-0.242),CABAI MERAH,0.1095931,,,
2023,September,M4,BATU,-0.37,CABAI RAWIT(-0.44);TELUR AYAM RAS(-0.332);BAWANG MERAH(-0.261),CABAI MERAH,0.1169109,,,
2023,Oktober,M1,BATU,0.101,BERAS(0.438);GULA PASIR(0.045);TEMPE(0),STABIL,0,,,
2023,Oktober,M2,BATU,0.221,BERAS(0.438);CABAI RAWIT(0.096);GULA PASIR(0.045),CABAI RAWIT,0.0958266,,,
2023,Oktober,M3,BATU,0.323,BERAS(0.438);CABAI RAWIT(0.19);GULA PASIR(0.045),CABAI RAWIT,0.1408591,,,
2023,Oktober,M4,BATU,0.363,BERAS(0.438);CABAI RAWIT(0.283);GULA PASIR(0.045),CABAI RAWIT,0.1764736,,,
2023,November,M1,BATU,0.672,CABAI RAWIT(0.75);CABAI MERAH(0.224);BAWANG MERAH(0.017),STABIL,0,,,
2023,November,M2,BATU,0.887,CABAI RAWIT(0.89);CABAI MERAH(0.367);GULA PASIR(0.049),CABAI MERAH,0.0752923,,,
2023,November,M3,BATU,1.534,CABAI RAWIT(1.193);CABAI MERAH(0.632);GULA PASIR(0.115),CABAI MERAH,0.1904529,,,
2023,November,M4,BATU,2.077,CABAI RAWIT(1.417);CABAI MERAH(0.822);GULA PASIR(0.188),CABAI MERAH,0.2060118,,,
2023,Desember,M1,BATU,2.021,CABAI MERAH(1.359);CABAI RAWIT(0.853);BAWANG MERAH(0.241),STABIL,0,,,
2023,Desember,M2,BATU,2.414,CABAI MERAH(1.467);CABAI RAWIT(0.991);BAWANG MERAH(0.274),CABAI RAWIT,0.034003,,,
2023,Desember,M3,BATU,2.414,CABAI MERAH(1.355);CABAI RAWIT(0.846);BAWANG MERAH(0.347),BAWANG MERAH,0.0659748,,,
2023,Desember,M4,BATU,2.288,CABAI MERAH(1.21);CABAI RAWIT(0.799);BAWANG MERAH(0.351),CABAI MERAH,0.0903766,,,
2024,Januari ,M1,BATU,0.166,DAGING SAPI(0.716);BAWANG PUTIH(0.126);BAWANG MERAH(0.053),CABAI MERAH,0.0524864,,,
2024,Januari ,M2,BATU,-0.746,CABAI MERAH(-0.977);CABAI RAWIT(-0.393);TELUR AYAM RAS(-0.042),CABAI RAWIT,0.0633677,,,
2024,Januari ,M3,BATU,-1.600,"CABAI RAWIT(-1.0273), CABAI MERAH(-0.9684), DAGING AYAM RAS(-0.0618)",CABAI RAWIT,0.20,,,
2024,Januari ,M4,BATU,-2.137,CABAI RAWIT(-1.409);CABAI MERAH(-0.96);DAGING AYAM RAS(-0.098),CABAI RAWIT,0.2434420943,,,
2024,Februari,M1,BATU,-2.694,BERAS(-1.851);CABAI RAWIT(-0.903);DAGING SAPI(-0.185),BERAS,0.04721746185,,,
2024,Februari,M2,BATU,-2.328,BERAS(-1.775);CABAI RAWIT(-0.903);DAGING AYAM RAS(-0.103),BERAS,0.03182989558,,,
2024,Februari,M3,BATU,-1.962,BERAS(-1.536);CABAI RAWIT(-1.023);BAWANG MERAH(-0.074),CABAI RAWIT,0.06,,,
2024,Februari,M4,BATU,0.355,"CABAI MERAH(0,524);BERAS(0,494);DAGING SAPI(0,13)",CABAI RAWIT,0.0941352965,,,
2024,Februari,M5,BATU,1.492,"BERAS(0,995);CABAI MERAH(0,643);DAGING AYAM RAS(0,251)",CABAI RAWIT,0.209758486,,,89.71898924
2024,Maret,M1,BATU,4.523,"BERAS(1,77);DAGING AYAM RAS(1,046);TELUR AYAM RAS(0,483)",,,,,
2024,Maret,M2,BATU,4.793,"BERAS(1,77);DAGING AYAM RAS(1,352);TELUR AYAM RAS(0,554)",CABAI MERAH,0.04969863784,,,
2024,Maret,M3,BATU,4.489,"BERAS(1,77); DAGING AYAM RAS(1,758); TELUR AYAM RAS(0,671)",CABAI RAWIT,0.210708888,,,
2024,Maret,M4,BATU,3.92,"DAGING AYAM RAS(1,788); BERAS(1,77); TELUR AYAM RAS(0,671)",CABAI RAWIT,0.260894725,no. 2 di Pulau Jawa,,
2024,April,M1,BATU,-3.69,"CABAI MERAH(-1.1446), BERAS(-0.9792), CABAI RAWIT(-0.8677)",CABAI RAWIT,0.09,,,
2024,May,M3,BATU,-3.38,"BERAS(-1.2585), CABAI MERAH(-1.1175), CABAI RAWIT(-0.7906)",BAWANG MERAH,0.1658758358,,,
2024,June,M4,BATU,-3.43,"BERAS(-1.3819), CABAI MERAH(-1.1503), CABAI RAWIT(-0.8411)",BAWANG MERAH,0.1816,,,
2024,Mei,M1,BATU,1.58,"BAWANG MERAH(1.1576), CABAI MERAH(0.3723), BAWANG PUTIH(0.3012)",CABAI MERAH,0.06451612903,,,
2024,Mei,M2,BATU,1.81,"BAWANG MERAH(1.322), CABAI MERAH(0.5529), BAWANG PUTIH(0.3706)",CABAI RAWIT,0.09593993299,,,
2024,Mei,M3,BATU,2.08,"BAWANG MERAH(1.2527), CABAI MERAH(0.7264), BAWANG PUTIH(0.4097)",CABAI MERAH,0.09534518812,,,
2024,Mei,M4,BATU,1.89,"BAWANG MERAH(1.1497), CABAI MERAH(0.6833), BAWANG PUTIH(0.4034)",CABAI MERAH,0.09421114395,,,
2024,Mei,M5,BATU,1.50,"BAWANG MERAH(0.9942), CABAI MERAH(0.5091), BAWANG PUTIH(0.3752)",CABAI MERAH,0.1325615336,,,
2024,Juni,M1,BATU,-2.15,"BAWANG MERAH(-0.6161), DAGING SAPI(-0.5191), CABAI MERAH(-0.4112)",CABAI RAWIT,0.0486,,,
2024,Juni,M3,BATU,-1.99,"BAWANG MERAH(-0.662), DAGING AYAM RAS(-0.5778), DAGING SAPI(-0.5191)",CABAI RAWIT,0.1213308298,,,
2024,Juni,M4,BATU,-2.00,"BAWANG MERAH(-0.7613), DAGING AYAM RAS(-0.6069), DAGING SAPI(-0.5191)",CABAI MERAH,0.1198756012,89.1433,,
2024,Juli,M1,BATU,-1.16,"CABAI MERAH(-0.4619), BAWANG MERAH(-0.4465), BAWANG PUTIH(-0.1463)",,,,,
2024,Juli,M2,BATU,-1.19,"BAWANG MERAH(-0.5476) , CABAI MERAH(-0.4662), BAWANG PUTIH(-0.1463)",CABAI RAWIT,0.09582659576,,,
2024,Juli,M3,BATU,-1.09,"BAWANG MERAH(-0.6359), CABAI MERAH(-0.5629), BAWANG PUTIH(-0.1463)",CABAI RAWIT,0.2328162843,,,
2024,Juli,M4,BATU,-0.84,"BAWANG MERAH(-0.6789), CABAI MERAH(-0.6206), BAWANG PUTIH(-0.1463)",CABAI RAWIT,0.2766361649,,,
2024,Agustus,M1,BATU,0.76,"CABAI RAWIT(1.4753), DAGING SAPI(0.2909), MINYAK GORENG(0.0501)",CABAI RAWIT,0.04804583838,,,
2024,Agustus,M2,BATU,1.01,"CABAI RAWIT(1.6932), DAGING SAPI(0.2909), MINYAK GORENG(0.07)",CABAI MERAH,0.08561326348,,,
2024,Agustus,M3,BATU,1.05,"CABAI RAWIT(1.6665), DAGING SAPI(0.2909), MINYAK GORENG(0.162)",CABAI MERAH,0.07784548211,,,
2024,Agustus,M4,BATU,0.81,"CABAI RAWIT(1.4684), DAGING SAPI(0.2909), MINYAK GORENG(0.1739)",CABAI RAWIT,0.09967019534,89.9779,,
2024,Agustus,M5,BATU,0.35,"CABAI RAWIT(1.1936), DAGING SAPI(0.2009), MINYAK GORENG(0.157)",CABAI RAWIT,0.165496222,89.7769,,
2024,September,M1,BATU,-2.58,"CABAI RAWIT(-1.4922), DAGING SAPI(-0.3546), CABAI MERAH(-0.3118)",CABAI MERAH,0.05024977592,,,
2024,September,M2,BATU,-2.88,"CABAI RAWIT(-1.5257), CABAI MERAH(-0.4384), DAGING SAPI(-0.3546)",CABAI MERAH,0.08071300023,,,
2024,September,M3,BATU,-3.05,"CABAI RAWIT(-1.5352), CABAI MERAH(-0.5281), DAGING SAPI(-0.3546)",CABAI MERAH,0.1081811172,,,
2024,September,M4,BATU,-3.03,"CABAI RAWIT(-1.5415), CABAI MERAH(-0.5846), DAGING SAPI(-0.3546)",CABAI MERAH,0.1116082375,,,
2024,Oktober,M1,BATU,-0.03,"CABAI MERAH(-0.1531), DAGING AYAM RAS(-0.0754), BERAS(-0.0517)",,,,,
2024,Oktober,M2,BATU,-0.10,"CABAI MERAH(-0.1993), BERAS(-0.1514), DAGING AYAM RAS(-0.0754)",CABAI MERAH,0.03194219858755938,,,
2024,Oktober,M3,BATU,-0.06,"CABAI MERAH(-0.2207), BERAS(-0.1845), DAGING AYAM RAS(-0.0563)",CABAI RAWIT,0.03956351647,,,
2024,Oktober,M4,BATU,0.02,"BAWANG MERAH(0.2054), BAWANG PUTIH(0.1138), CABAI RAWIT(0.0684)",CABAI MERAH,0.0475959031,,,
2024,Oktober,M5,BATU,0.19,"BAWANG MERAH(0.2448), DAGING AYAM RAS(0.1621), BAWANG PUTIH(0.1318)",CABAI MERAH,0.049422,,,
2024,November,M1,BATU,0.78,"DAGING AYAM RAS(0.6307), BAWANG MERAH(0.3708), BAWANG PUTIH(0.073)",,,,,
2024,November,M2,BATU,0.64,"DAGING AYAM RAS(0.485), BAWANG MERAH(0.3708), BAWANG PUTIH(0.073)",DAGING AYAM RAS,0.01573272468,,,
2024,November,M3,BATU,0.70,"BAWANG MERAH(0.4372), DAGING AYAM RAS(0.4369), BAWANG PUTIH(0.073)",BAWANG MERAH,0.04305441498,,,
2024,November,M4,BATU,0.72,"BAWANG MERAH(0.5056), DAGING AYAM RAS(0.4167), BAWANG PUTIH(0.073)",BAWANG MERAH,0.0702,,,
2024,Desember,M1,BATU,0.14,"BAWANG MERAH(0.4769), PISANG(0.0365), TEPUNG TERIGU(0.0273)",BERAS,0,,,
2024,Desember,M2,BATU,0.36,"BAWANG MERAH(0.4769), DAGING AYAM RAS(0.0391), PISANG(0.0365)",CABAI MERAH,0.03353232334,,,
2024,Desember,M3,BATU,0.71,"BAWANG MERAH(0.4769), CABAI MERAH(0.1362), DAGING AYAM RAS(0.0965)",CABAI MERAH,0.109,,,
2024,Desember,M4,BATU,1.04,"BAWANG MERAH(0.4903), CABAI MERAH(0.2348), DAGING AYAM RAS(0.1158)",CABAI MERAH,0.1944873725,,,
2025,Januari,M1,BATU,3.51,"CABAI RAWIT(1.2828), CABAI MERAH(1.238), TELUR AYAM RAS(0.5421)",CABAI MERAH,0.03175,,,
2025,Januari,M2,BATU,4.26,"CABAI RAWIT(1.8586), CABAI MERAH(1.4167), TELUR AYAM RAS(0.5421)",CABAI RAWIT,0.1805066435,,,
2025,Januari,M3,BATU,4.84,"CABAI RAWIT(2.3236), CABAI MERAH(1.5249), TELUR AYAM RAS(0.5421)",CABAI RAWIT,0.2052235577,,,
2025,Januari,M4,BATU,4.87,"CABAI RAWIT(2.3614), CABAI MERAH(1.6554), TELUR AYAM RAS(0.3905)",CABAI RAWIT,0.1703419579,,,
2025,Februari,M1,BATU,-1.04,"TELUR AYAM RAS(-0.5918), CABAI RAWIT(-0.4772), DAGING AYAM RAS(-0.271)",BAWANG MERAH,0.03402,,,
2025,Februari,M2,BATU,-1.17,"CABAI RAWIT(-0.5435), TELUR AYAM RAS(-0.5007), BAWANG MERAH(-0.3452)",BAWANG MERAH,0.0440617466,,,
2025,Februari,M3,BATU,-1.45,"CABAI RAWIT(-0.6456), TELUR AYAM RAS(-0.458), BAWANG MERAH(-0.3995)",CABAI MERAH,0.09653107359,,,
2025,Februari,M4,BATU,-1.14,"BAWANG MERAH(-0.4262), CABAI RAWIT(-0.4238), TELUR AYAM RAS(-0.3568)",CABAI RAWIT,0.1376386363,,,
2025,Maret,M1,BATU,3.03,"CABAI RAWIT(1.8718), CABAI MERAH(0.4241), TELUR AYAM RAS(0.3209)",CABAI RAWIT,0.05388115608,,,
2025,Maret,M2,BATU,2.29,"CABAI RAWIT(1.4945), TELUR AYAM RAS(0.302), DAGING AYAM RAS(0.2742)",CABAI MERAH,0.1443737209,,,
2025,Maret,M3,BATU,2.28,"CABAI RAWIT(1.5765), DAGING AYAM RAS(0.2742), TELUR AYAM RAS(0.2456)",CABAI MERAH,0.1497901292,,,
2025,April,M2,BATU,-1.07,"CABAI RAWIT(-0.8875), TELUR AYAM RAS(-0.2279), DAGING AYAM RAS(-0.2111)",,,,,
2025,April,M3,BATU,-1.31,"CABAI RAWIT(-0.7864), DAGING AYAM RAS(-0.4857), TELUR AYAM RAS(-0.3199)",CABAI RAWIT,0.06001839657,,,
2025,April,M4,BATU,-2.08,"CABAI RAWIT(-1.2059), DAGING AYAM RAS(-0.7819), TELUR AYAM RAS(-0.3548)",CABAI MERAH,0.1324631338,,,
2025,Mei,M1,BATU,-2.24,"CABAI RAWIT(-1.3317), DAGING AYAM RAS(-0.5126), CABAI MERAH(-0.2092)",CABAI MERAH,0.03389830508,,,
2025,Mei,M3,BATU,-2.61,"CABAI RAWIT(-1.5893), DAGING AYAM RAS(-0.445), CABAI MERAH(-0.369)",CABAI RAWIT,0.08573538766,,,
2025,Mei,M4,BATU,-2.81,"CABAI RAWIT(-1.7288), CABAI MERAH(-0.471), DAGING AYAM RAS(-0.338)",CABAI RAWIT,0.1203439905,,,
2025,Mei,M5,BATU,-2.96,"CABAI RAWIT(-1.8311), CABAI MERAH(-0.518), DAGING AYAM RAS(-0.2831)",CABAI RAWIT,0.154621735,,,
2025,Juni,M1,BATU,-1.10,"CABAI RAWIT(-0.3501), BAWANG MERAH(-0.2951), CABAI MERAH(-0.2162)",CABAI RAWIT,0.1049727762,,,
2025,Juni,M2,BATU,-0.86,"BAWANG PUTIH(-0.3336), BAWANG MERAH(-0.2951), CABAI RAWIT(-0.2626)",CABAI MERAH,0.08663871474,,,
2025,Juni,M3,BATU,-0.66,"BAWANG PUTIH(-0.396), BAWANG MERAH(-0.2503), CABAI RAWIT(-0.0854)",CABAI RAWIT,0.1430438074,,,
2025,Juni,M4,BATU,-0.43,"BAWANG PUTIH(-0.4191), BAWANG MERAH(-0.1707), CABAI MERAH(-0.1261)",CABAI RAWIT,0.181239621,,,
2025,Juli,M1,BATU,"1,65","Cabai Rawit(0,9207), Bawang Merah(0,2769), Daging Ayam Ras(0,267)",CABAI RAWIT,44503,,,
2025,Juli,M2,BATU,"1,87","Cabai Rawit (1,154), Bawang Merah (0,2769), Daging Ayam Ras (0,267)",CABAI RAWIT,80165,,,
2025,Juli,M3,BATU,"2,00","CABAI RAWIT(1,3109), BAWANG MERAH(0,2769), DAGING AYAM RAS(0,267)",CABAI RAWIT,89185,,,
2025,Juli,M4,BATU,"2,00","Cabai Rawit(1,1923), Bawang Merah(0,316), Daging Ayam Ras(0,267)",CABAI RAWIT,115761,,,
2025,Juli,M5,BATU,"1,91","Cabai Rawit (0,9572), Bawang Merah (0,4068), Daging Ayam Ras (0,267)",CABAI RAWIT,169741,,,
2025,Agustus,M1,BATU,-0.12,"Cabai Rawit(-1,0131), Cabai Merah(-0,0105), Jeruk(-0,0094)",CABAI MERAH,0.02226514461,,,
2025,Agustus,M2,BATU,-0.07,"CABAI RAWIT(-1.0652), JERUK(-0.0094), IKAN KEMBUNG/IKAN GEMBUNG/ IKAN BANYAR/IKAN GEMBOLO/ IKAN ASO-ASO(-0.0005)",CABAI MERAH,0.05102950299,,,
2025,Agustus,M3,BATU,-0.28,"CABAI RAWIT(-1.1383), DAGING AYAM RAS(-0.0804), JERUK(-0.0094)",,,,,
2025,Agustus,M4,BATU,-0.43,"CABAI RAWIT(-1,1965), DAGING AYAM RAS(-0,0593), BAWANG PUTIH(-0,0355)",CABAI RAWIT,0.076273533,,,
2025,September,M1,BATU,-0.37,"Bawang Merah(-0,6145), Cabai Rawit(-0,3248), Cabai Merah(-0,2521)",BAWANG MERAH,0.03278688525,,,
2025,September,M2,BATU,-0.28,"BAWANG MERAH(-0.7539), CABAI RAWIT(-0.2342), CABAI MERAH(-0.216)",CABAI RAWIT,0.06882472016,,,
2025,September,M3,BATU,0.10,"DAGING AYAM RAS(0,7316), BERAS(0,7192)",CABAI RAWIT,0.082814495,,,
2025,Oktober,M1,BATU,1.16,"CABAI MERAH(0.8446), DAGING AYAM RAS(0.6073), CABAI RAWIT(0.2498)",CABAI MERAH,0.01270493169,,,
2025,Oktober,M2,BATU,1.16,"CABAI MERAH(0,7918), DAGING AYAM RAS(0,6073), CABAI RAWIT(0,2498)",CABAI MERAH,0.020208263,,,
2025,Oktober,M3,BATU,1.20,"Cabai Merah(0,8322), Daging Ayam Ras(0,6073), Cabai Rawit(0,2149)",CABAI RAWIT,0.03234682309,,,
2025,Oktober,M4,BATU,1.19,"CABAI MERAH(0.8566), DAGING AYAM RAS(0.6073), TELUR AYAM RAS(0.2386)",CABAI RAWIT,0.08382890104,,,
2025,Oktober,M5,BATU,1.21,"CABAI MERAH(0,8147), DAGING AYAM RAS(0,6073), TELUR AYAM RAS(0,2799)",CABAI RAWIT,0.1108748236,,,
2025,Nopember,M1,BATU,-0.01,"Cabai Rawit(-0,2951),  Daging Ayam Ras(-0,2206),  Gula Pasir(-0,0194)",CABAI MERAH,0.06211299937,,,
2025,Nopember,M2,BATU,-0.11,"Daging Ayam Ras(-0,3867),  Cabai Rawit(-0,2951),  Gula Pasir(-0,0194)",,,,,
2025,Nopember,M3,BATU,-0.11,"DAGING AYAM RAS(-0.4415), CABAI RAWIT(-0.2422), GULA PASIR(-0.0194)",,,,,
2025,Nopember,M4,BATU,0.02,"CABAI MERAH(0,2883), BAWANG MERAH(0,2195), BAWANG PUTIH(0,0641)",CABAI RAWIT,0.1403809493,,,
2025,Desember,M1,BATU,1.62,"Cabai Rawit(1,2415),  Bawang Merah(0,2629),  Daging Ayam Ras(0,1937)",CABAI RAWIT,0.2039392501,,,
2025,Desember,M2,BATU,2.50,"Cabai Rawit(1,8153),  Bawang Merah(0,3971),  Daging Ayam Ras(0,3302)",CABAI RAWIT,0.204254285,,,
2025,Desember,M3,BATU,3.06,"CABAI RAWIT(2.006), DAGING AYAM RAS(0.5014), BAWANG MERAH(0.4431)",,,,,
2025,Desember,M4,BATU,2.93,"CABAI RAWIT(1,9155), DAGING AYAM RAS(0,5413), BAWANG MERAH(0,4261)",CABAI RAWIT,0.1740419397,,,
2026,Januari,M1,BATU,-1.55,"Cabai Merah(-0,9667),  Cabai Rawit(-0,5784),  Bawang Merah(-0,3671)",CABAI RAWIT,0.07443229276,,,
2026,Januari,M2,BATU,-2.47,"Cabai Merah(-1,1287),  Cabai Rawit(-0,895),  Bawang Merah(-0,4631)",CABAI RAWIT,0.118495374,,,
2026,Januari,M3,BATU,-2.95,"CABAI MERAH(-1.1968), CABAI RAWIT(-1.0848), BAWANG MERAH(-0.5219)",CABAI RAWIT,0.1509518411,,,
2026,Januari,M4,BATU,-3.29,"CABAI MERAH(-1,2505), CABAI RAWIT(-1,1815), BAWANG MERAH(-0,558)",CABAI RAWIT,0.14807917,,,
2026,Februari,M1,BATU,2.25,"Cabai Rawit(2,2119),  Daging Ayam Ras(0,1262),  Bawang Putih(0,1074)",CABAI RAWIT,0.09797958971,,,
2026,Februari,M2,BATU,2.63,"CABAI RAWIT(1.984), DAGING AYAM RAS(0.3176), DAGING SAPI(0.1736)",CABAI RAWIT,0.1127337893,,,
2026,Februari,M3,BATU,3.27,"CABAI RAWIT(2.2422), DAGING AYAM RAS(0.4774), DAGING SAPI(0.2341)",CABAI RAWIT,0.1426999186,,,
2026,Februari,M4,BATU,3.56,"Cabai Rawit(2,3617),  Daging Ayam Ras(0,5931),  Telur Ayam Ras(0,1747)",CABAI RAWIT,0.1302019365,,,
2026,Maret,M1,BATU,1.31,"Cabai Rawit(0,5807),  Daging Sapi(0,2589),  Daging Ayam Ras(0,2436)",CABAI RAWIT,0.04949300218,,,
2026,Maret,M2,BATU,1.38,"Cabai Rawit(0,5827),  Daging Sapi(0,2589),  Daging Ayam Ras(0,2436)",CABAI RAWIT,0.03702628296,,,
2026,April,M1,BATU,-0.46,"Cabai Rawit(-1,0151),  Telur Ayam Ras(-0,1348),  Minyak Goreng(-0,0005)",CABAI RAWIT,0.04081632653,,,
2026,April,M2,BATU,-1.01,"CABAI RAWIT(-1,2055), TELUR AYAM RAS(-0,22), DAGING AYAM RAS(-0,1879)",CABAI RAWIT,0.060609153,,,
2026,April,M3,BATU,"-1,30","CABAI RAWIT(-1,3423), DAGING AYAM RAS(-0,4939), TELUR AYAM RAS(-0,3356)",CABAI RAWIT,0.0754851356,,,
2026,April,M4,BATU,"-1,70","Cabai Rawit(-1,4879), Daging Ayam Ras(-0,8286), Telur Ayam Ras(-0,3895)",CABAI RAWIT,0.098922391,,,
2026,April,M5,BATU,"-1,89","Cabai Rawit(-1,6185), Daging Ayam Ras(-0,9383), Telur Ayam Ras(-0,4155)",CABAI RAWIT,0.1236958,,,
2026,Mei,M1,BATU,"0,81","CABAI MERAH(0.3904), CABAI RAWIT(0.2353), BERAS(0.145)",BAWANG MERAH,0.0402737,,,
2026,Mei,M2,BATU,"0,89","CABAI MERAH(0,4031), CABAI RAWIT(0,3254), BERAS(0,145)",CABAI RAWIT,0.0387746,,,
2026,Mei,M3,BATU,"1,07","Cabai Merah(0,4746),  Cabai Rawit(0,4649),  Beras(0,161)",CABAI RAWIT,0.05653247485,,,
2026,Juni,M1,BATU,"0,21","BAWANG MERAH(0.4128), CABAI MERAH(0.4009), BERAS(0.0206)",BAWANG MERAH,0.0307692,,,
2026,Juni,M2,BATU,"0,10","BAWANG MERAH(0,5922), CABAI MERAH(0,2676), MINYAK GORENG(0,1039)",BAWANG MERAH,0.056428567,,,
2026,Juni,M3,BATU,-0.32,"Daging Ayam Ras(-0,5188),  Cabai Rawit(-0,4417),  Telur Ayam Ras(-0,1536)",CABAI MERAH,0.1435582811,,,
2026,Juni,M4,BATU,-0.95,"Daging Ayam Ras(-0,7062),  Cabai Rawit(-0,6376),  Telur Ayam Ras(-0,1766)",CABAI MERAH,0.1684996761,,,
2026,Juli,M1,BATU,-1.77,"CABAI RAWIT(-0.9714), CABAI MERAH(-0.5734), DAGING AYAM RAS(-0.526)",CABAI MERAH,0.03822338423,,,
2026,Juli,M2,BATU,-1.59,"CABAI RAWIT(-0.7686), DAGING AYAM RAS(-0.6074), CABAI MERAH(-0.5897)",CABAI RAWIT,0.09249812115,,,
2026,Juli,M3,BATU,-1.68,"Cabai Rawit(-0,8155),  Cabai Merah(-0,5951),  Daging Ayam Ras(-0,5809)",CABAI RAWIT,0.08321783316,,,
2026,Juli,M4,BATU,-1.55,"Cabai Rawit(-0,8542),  Cabai Merah(-0,582),  Bawang Merah(-0,5226)",CABAI RAWIT,0.08144749909,,,
2026,Juli,M5,BATU,-1.57,"CABAI RAWIT(-0.9016), BAWANG MERAH(-0.5983), CABAI MERAH(-0.5741)",BAWANG MERAH,0.08739595173,,,
2026,Agustus,M1,BATU,0.18,"DAGING AYAM RAS(0,6378), CABAI RAWIT(0,1179), CABAI MERAH(0,107)",CABAI RAWIT,0.05807968773,,,
2026,Agustus,M2,BATU,0.23,"Daging Ayam Ras(0,6647),  Cabai Rawit(0,2162),  Cabai Merah(0,1611)",CABAI RAWIT,0.0589255651,,,
2026,Agustus,M3,BATU,0.32,"Daging Ayam Ras(0,7908), Cabai Rawit(0,2403), Cabai Merah(0,1568)",CABAI RAWIT,0.053549246,,,
2026,Agustus,M4,BATU,0.51,"DAGING AYAM RAS(0.9769), CABAI RAWIT(0.3129), CABAI MERAH(0.1198)",CABAI RAWIT,0.070616123,,,
2026,September,M1,BATU,1.83,"DAGING AYAM RAS(0.9084), CABAI RAWIT(0.5883), DAGING SAPI(0.4284)",CABAI RAWIT,0.043470044,,,
2026,September,M2,BATU,2.36,"Daging Ayam Ras(0,9628),  Cabai Rawit(0,854),  Daging Sapi(0,5561)",CABAI RAWIT,0.08770835163,,,
2026,September,M3,BATU,"2,77","Cabai Rawit(0,9824), Daging Ayam Ras(0,9811), Daging Sapi(0,712)",CABAI RAWIT,0.085494237,,,
2026,September,M4,BATU,"3,06","CABAI RAWIT(1,0406), DAGING AYAM RAS(0,9902), DAGING SAPI(0,8539)",CABAI RAWIT,0.077016178,,,